Time,Headlines
2020-07-06,Why the Covid-19 financial crisis will leave lasting scars on Gen Z
2020-07-06,Consumer champions  Sky TV charged my mother a fortune and she can’t leave
2020-07-06,From dusted-off bikes to electric dreams: UK green economy booms on back of Covid-19
2020-07-06,Chancellor under pressure to boost financial support as job crisis looms
2020-07-06,UK banks prepare code of conduct on defaulting of Covid-19 business loans
2020-07-05,Scammers can create fake business ads on Google 'within hours'
2020-07-05,Thames Water former boss handed £2.8m since being sacked
2020-07-05,Lifting of lockdown in England: how do you feel reopening has gone?
2020-07-05,"Economics viewpoint  


  Fifteen years after the G8 summit, it's the UK that's in dire need of aid"
2020-07-05,Evening footfall on England's high streets soars as pubs reopen
2020-07-05,'They've been missed': Cornwall welcomes first tourists of summer
2020-07-05,"For small business owners, the pandemic proves it: millennials were right"
2020-07-05,"Honey, I shrunk the shopping: the rise of mini products as children's toys"
2020-07-05,Travel agents resort to hardline tactics to get out of a refund
2020-07-05,Wouldn’t it be great for British town centres if people could just move into closed shops?
2020-07-05,"Notebook  


  Have a heart, KitKat, don't break with Fairtrade"
2020-07-05,"Business leader  


  Big Tech may not be afraid of a boycott. But it might fear a regulator"
2020-07-05,"Hidden gems from the world of research  


  We might never get over the fear that the pandemic induced"
2020-07-05,Sunak considers £500 vouchers for all UK adults to spend in Covid-hit firms
2020-07-05,Donald Trump rushed to reopen America – now Covid is closing in on him
2020-07-05,The Observer view on the reopening of the economy
2020-07-05,Letters: recovery plan must not endanger the Earth
2020-07-05,I left my heart in the Luton airport branch of Bella Italia ...
2020-07-05,Observer business agenda  Rolls-Royce faces a long haul back to high-flier status
2020-07-05,"Huawei could be cut out of UK's 5G network this year, say reports"
2020-07-04,The Bank of England has many battles ahead. Inflation will not be one of them
2020-07-04,"VAT, NICs … what will Rishi Sunak’s summer statement target?"
2020-07-04,"The Covid crisis made Rishi Sunak a star, but it could yet undo him"
2020-07-04,English pubs pour first pints for customers since lockdown began
2020-07-04,Debt: 'The first step towards change is admitting you have a problem'
2020-07-04,Boohoo booms as Leicester garment factories are linked to lockdown
2020-07-04,"England eases lockdown: how pubs, hairdressers and restaurants will work"
2020-07-04,Banking apps: what do they offer – and how is your cash protected?
2020-07-04,UK manufacturers to export surplus medical ventilators
2020-07-04,"Leicester residents could be fined up to £3,200 for breaching new lockdown laws"
2020-07-04,Queenstown: a tourist town with no tourists fights despair among stranded workers
2020-07-04,"Struggling retailers paid less than a third of June rent, says malls owner"
2020-07-04,Mission impossible? How to shoot a blockbuster in the coronavirus era
2020-07-04,"Amid the havoc wreaked by coronavirus, there is another danger we've forgotten"
2020-07-04,"Gin, cheese and coffee: Britons flock to subscription services in lockdown"
2020-07-04,‘A bit of trepidation’: Lake District prepares to reopen to visitors
2020-07-04,"Business live  UK service sector slump levels off, as China growth surges - as it happened"
2020-07-04,UK waste firm Biffa loses appeal after exporting dirty waste to China
2020-07-04,Poundstretcher could close half its stores under rescue deal
2020-07-04,Socially distanced outdoor music venue to open in Newcastle in August
2020-07-03,Tenby residents feel mixed emotions about tourists' return
2020-07-03,China's stock market closes at highest level in five years
2020-07-03,Some small businesses can't get past their own prejudice. Let them fold
2020-07-03,UK car loans and pawnbroker payments freeze extended
2020-07-03,Holidaymakers offered little or no coronavirus-related insurance
2020-07-03,"Nils Pratley on finance  


  Why the secrecy around financial terms of Covid-19 loan to Celsa Steel UK?"
